"package_name","categories","is_essential","website_url","repo_url","date_added","notes"
"ButterflyColors","scales_and_guides",FALSE,"https://junqueiragaabi.github.io/ButterflyColors/","https://github.com/junqueiragaabi/ButterflyColors/","2026-03-19",""
"CGPfunctions","geoms|stats",FALSE,"https://ibecav.github.io/CGPfunctions/","https://github.com/ibecav/CGPfunctions/","2026-03-19",""
"ComplexUpset","geoms",FALSE,"https://krassowski.github.io/complex-upset/","https://github.com/krassowski/complex-upset/","2026-03-19",""
"DataExplorer","data|interactive_tools",FALSE,"https://boxuancui.github.io/DataExplorer/","https://github.com/boxuancui/DataExplorer/","2026-03-19",""
"ExPanDaR","data|interactive_tools",FALSE,"https://trr266.github.io/ExPanDaR/","https://github.com/trr266/ExPanDaR/","2026-03-19",""
"FunnelPlotR","stats",FALSE,"https://nhs-r-community.github.io/FunnelPlotR/","https://github.com/nhs-r-community/FunnelPlotR/","2026-03-19",""
"GGally","data",FALSE,"https://ggobi.github.io/ggally/","https://github.com/ggobi/ggally/","2026-03-19",""
"HRM","stats",FALSE,NA,"https://github.com/happma/HRM/","2026-03-19",""
"KMunicate","stats",FALSE,"https://ellessenne.github.io/KMunicate-package/","https://github.com/ellessenne/KMunicate-package/","2026-03-19",""
"MetBrewer","scales_and_guides",FALSE,NA,"https://github.com/BlakeRMills/MetBrewer/","2026-03-19",""
"MexBrewer","scales_and_guides",FALSE,"https://paezha.github.io/MexBrewer/","https://github.com/paezha/MexBrewer/","2026-03-19",""
"MoMAColors","scales_and_guides",FALSE,NA,"https://github.com/BlakeRMills/MoMAColors/","2026-03-19",""
"NatParksPalettes","scales_and_guides",FALSE,NA,"https://github.com/kevinsblake/NatParksPalettes/","2026-03-19",""
"PerformanceAnalytics","stats",FALSE,NA,"https://github.com/braverock/PerformanceAnalytics","2026-03-19",""
"PrettyCols","scales_and_guides",FALSE,"https://nrennie.github.io/PrettyCols/","https://github.com/nrennie/PrettyCols/","2026-03-19",""
"RColorBrewer","scales_and_guides",FALSE,NA,NA,"2026-03-19",""
"RtutoR","na",FALSE,NA,NA,"2026-03-19","No category in Notion export; Package appears unmaintained"
"Rtutor","interactive_tools",FALSE,"https://skranz.github.io/RTutor/","https://github.com/skranz/RTutor/","2026-03-19",""
"SBC","stats",FALSE,"https://hyunjimoon.github.io/SBC/","https://github.com/hyunjimoon/SBC/","2026-03-19",""
"SBpitch","sports",FALSE,NA,"https://github.com/FCrSTATS/SBpitch/","2026-03-19",""
"StatsBombR","data",FALSE,"https://statsbomb.com/","https://github.com/statsbomb/StatsBombR/","2026-03-19",""
"ThemePark","themes",FALSE,"https://matthewbjane.com/ThemePark/","https://github.com/MatthewBJane/ThemePark/","2026-03-19",""
"WVPlots","stats",FALSE,"https://winvector.github.io/WVPlots/","https://github.com/WinVector/WVPlots/","2026-03-19",""
"animint2","animation|interactive_plots",FALSE,"https://animint.github.io/animint2/","https://github.com/animint/animint2/","2026-03-19",""
"aplot","arranging_plots",FALSE,"https://yulab-smu.top/aplot/","https://github.com/YuLab-SMU/aplot/","2026-03-19",""
"arrowheadr","geoms",FALSE,"https://wjschne.github.io/arrowheadr/","https://github.com/wjschne/arrowheadr/","2026-03-19",""
"autoplotly","helpers",FALSE,NA,"https://github.com/terrytangyuan/autoplotly/","2026-03-19",""
"bbplot","themes",FALSE,NA,"https://github.com/bbc/bbplot/","2026-03-19",""
"biscale","scales_and_guides",FALSE,"https://chris-prener.github.io/biscale/","https://github.com/chris-prener/biscale/","2026-03-19",""
"bslib","interactive_tools",FALSE,"https://rstudio.github.io/bslib/","https://github.com/rstudio/bslib/","2026-03-19",""
"calendR","geoms",FALSE,"https://r-coder.com/calendar-plot-r/","https://github.com/R-CoderDotCom/calendR/","2026-03-19",""
"camcorder","animation",FALSE,"https://thebioengineer.github.io/camcorder/","https://github.com/thebioengineer/camcorder/","2026-03-19",""
"chessR","sports",FALSE,"https://jaseziv.github.io/chessR/","https://github.com/JaseZiv/chessR/","2026-03-19",""
"choroplethr","maps",FALSE,"https://arilamstein.com/open-source/","https://github.com/eastnile/choroplethr/","2026-03-19",""
"choroplethrMaps","data|maps",FALSE,"http://www.arilamstein.com/open-source/","https://github.com/trulia/choroplethrMaps/","2026-03-19",""
"colorBlindness","scales_and_guides",FALSE,NA,"https://github.com/cran/colorBlindness/","2026-03-19",""
"colorblindr","scales_and_guides",FALSE,NA,"https://github.com/clauswilke/colorblindr/","2026-03-19",""
"colorspace","scales_and_guides",FALSE,"https://colorspace.r-forge.r-project.org/","https://github.com/cran/colorspace/","2026-03-19",""
"colourpicker","interactive_tools|scales_and_guides",FALSE,"https://daattali.com/shiny/colourInput/","https://github.com/daattali/colourpicker/","2026-03-19",""
"cols4all","interactive_tools",FALSE,NA,"https://github.com/mtennekes/cols4all/","2026-03-19",""
"corporaexplorer","helpers|interactive_tools",FALSE,"https://kgjerde.github.io/corporaexplorer/","https://github.com/kgjerde/corporaexplorer","2026-03-19",""
"correlationfunnel","data",FALSE,"https://business-science.github.io/correlationfunnel/","https://github.com/business-science/correlationfunnel/","2026-03-19",""
"corrmorant","data",FALSE,NA,"https://github.com/r-link/corrmorant/","2026-03-19",""
"cowplot","arranging_plots",FALSE,"https://wilkelab.org/cowplot/","https://github.com/wilkelab/cowplot/","2026-03-19",""
"cropcircles","finishing_touches",FALSE,NA,"https://github.com/doehm/cropcircles/","2026-03-19",""
"cyberpunk","geoms",FALSE,NA,"https://github.com/R-CoderDotCom/cyberpunk/","2026-03-19",""
"darknerdthemes","themes",FALSE,NA,"https://github.com/xvzftube/darknerdthemes/","2026-03-19",""
"deeptime","coords",FALSE,"https://williamgearty.com/deeptime/","https://github.com/willgearty/deeptime/","2026-03-19",""
"dendextend","geoms",FALSE,"http://talgalili.github.io/dendextend/","https://github.com/talgalili/dendextend/","2026-03-19",""
"directlabels","annotations",FALSE,"https://tdhock.github.io/directlabels/","https://github.com/tdhock/directlabels/","2026-03-19",""
"duke","scales_and_guides|themes",FALSE,"https://aidangildea.github.io/duke/","https://github.com/aidangildea/duke/","2026-03-19",""
"easyGgplot2","helpers",FALSE,"http://www.sthda.com/english/wiki/easyggplot2/","https://github.com/kassambara/easyGgplot2/","2026-03-19",""
"easyalluvial","geoms|interactive_tools",FALSE,"https://erblast.github.io/easyalluvial/","https://github.com/erblast/easyalluvial/","2026-03-19",""
"econocharts","geoms",FALSE,"https://r-coder.com/economics-charts-r/","https://github.com/R-CoderDotCom/econocharts/","2026-03-19",""
"edgebundle","maps",FALSE,"https://schochastics.github.io/edgebundle/","https://github.com/schochastics/edgebundle/","2026-03-19",""
"egg","arranging_plots|geoms",FALSE,NA,"https://github.com/baptiste/egg/","2026-03-19",""
"emoGG","geoms",FALSE,NA,"https://github.com/dill/emoGG/","2026-03-19",""
"esquisse","interactive_tools",FALSE,"https://dreamrs.github.io/esquisse/","https://github.com/dreamRs/esquisse/","2026-03-19",""
"eumaps","maps",FALSE,NA,"https://github.com/jfjelstul/eumaps/","2026-03-19",""
"explore","data|interactive_tools",FALSE,"https://rolkra.github.io/explore/","https://github.com/rolkra/explore","2026-03-19",""
"exploreR","data|helpers|stats",FALSE,NA,NA,"2026-03-19",""
"extrafont","themes",FALSE,NA,"https://github.com/wch/extrafont/","2026-03-19",""
"facetious","facets",FALSE,NA,"https://github.com/coolbutuseless/facetious/","2026-03-19",""
"facetscales","na",FALSE,NA,NA,"2026-03-19","No category in Notion export; Package appears unmaintained"
"factoextra","stats",FALSE,"https://rpkgs.datanovia.com/factoextra/","https://github.com/kassambara/factoextra/","2026-03-19",""
"fc.rstats","sports",FALSE,NA,"https://github.com/FCrSTATS/fc.rstats/","2026-03-19",""
"figpatch","arranging_plots",FALSE,"https://bradyajohnston.github.io/figpatch/","https://github.com/BradyAJohnston/figpatch/","2026-03-19",""
"funnelR","stats",FALSE,NA,NA,"2026-03-19",""
"gamlss.ggplots","na",FALSE,NA,NA,"2026-03-19","No category in Notion export; Package appears unmaintained"
"ganttrify","geoms",FALSE,"https://ganttrify.europeandatajournalism.eu/","https://github.com/giocomai/ganttrify/","2026-03-19",""
"geofacet","maps",FALSE,"https://hafen.github.io/geofacet/","https://github.com/hafen/geofacet/","2026-03-19",""
"geomnet","geoms",FALSE,"http://sctyner.github.io/geomnet/","https://github.com/sctyner/geomnet/","2026-03-19",""
"geomtextpath","annotations",FALSE,"https://allancameron.github.io/geomtextpath/","https://github.com/AllanCameron/geomtextpath/","2026-03-19",""
"gg3D","na",FALSE,NA,NA,"2026-03-19","No category in Notion export; Package appears unmaintained"
"ggChernoff","geoms",FALSE,NA,"https://github.com/Selbosh/ggChernoff/","2026-03-19",""
"ggCyberPunk","geoms|themes",FALSE,NA,"https://github.com/delabj/ggCyberPunk/","2026-03-19",""
"ggDoE","stats",FALSE,"https://ggdoe.netlify.app/","https://github.com/toledo60/ggDoE/","2026-03-19",""
"ggDoubleHeat","geoms",FALSE,"https://pursuitofdatascience.github.io/ggDoubleHeat/","https://github.com/PursuitOfDataScience/ggDoubleHeat/","2026-03-19",""
"ggESDA","geoms",FALSE,NA,"https://github.com/kiangkiangkiang/ggESDA/","2026-03-19",""
"ggExtra","geoms|interactive_tools",FALSE,"https://daattali.com/shiny/ggExtra-ggMarginal-demo/","https://github.com/daattali/ggExtra/","2026-03-19",""
"ggFishPlots","geoms|scales_and_guides|stats",FALSE,NA,"https://github.com/DeepWaterIMR/ggFishPlots/","2026-03-19",""
"ggHoriPlot","geoms",FALSE,"https://rivasiker.github.io/ggHoriPlot/","https://github.com/rivasiker/ggHoriPlot/","2026-03-19",""
"ggNestedBarChart","facets",FALSE,NA,"https://github.com/davedgd/ggNestedBarChart/","2026-03-19",""
"ggOceanMaps","maps",FALSE,NA,"https://github.com/MikkoVihtakari/ggOceanMaps/","2026-03-19",""
"ggPlantmap","maps",FALSE,NA,"https://github.com/leonardojo/ggPlantmap/","2026-03-19",""
"ggProfessional","finishing_touches",FALSE,NA,"https://github.com/MarcellGranat/ggProfessional/","2026-03-19",""
"ggQC","stats",FALSE,"http://rcontrolcharts.com/","https://github.com/kenithgrey/ggQC/","2026-03-19",""
"ggQQunif","stats",FALSE,NA,"https://github.com/rcorty/ggQQunif/","2026-03-19",""
"ggRandomForests","stats",FALSE,NA,"https://github.com/ehrlinger/ggRandomForests/","2026-03-19",""
"ggResidpanel","stats",FALSE,"https://goodekat.github.io/ggResidpanel/","https://github.com/goodekat/ggResidpanel/","2026-03-19",""
"ggRtsy","scales_and_guides",FALSE,NA,"https://github.com/katelyndiaz/ggRtsy/","2026-03-19",""
"ggThemeAssist","interactive_tools",FALSE,NA,"https://github.com/calligross/ggthemeassist/","2026-03-19",""
"ggTimeSeries","geoms",FALSE,NA,"https://github.com/AtherEnergy/ggTimeSeries/","2026-03-19",""
"ggVennDiagram","networks",FALSE,"https://gaospecial.github.io/ggVennDiagram/","https://github.com/gaospecial/ggVennDiagram/","2026-03-19",""
"ggalign","arranging_plots",FALSE,"https://yunuuuu.github.io/ggalign/","https://github.com/Yunuuuu/ggalign","2026-03-19",""
"ggalignment","geoms",FALSE,NA,"https://github.com/aftonsteps/ggalignment/","2026-03-19",""
"ggallin","geoms|stats",FALSE,NA,"https://github.com/shabbychef/ggallin/","2026-03-19",""
"ggalluvial","networks",FALSE,"http://corybrunson.github.io/ggalluvial/","https://github.com/corybrunson/ggalluvial/","2026-03-19",""
"ggalt","geoms",FALSE,NA,"https://github.com/hrbrmstr/ggalt/","2026-03-19",""
"ggambit","na",FALSE,NA,NA,"2026-03-19","No category in Notion export; Package appears unmaintained"
"gganatogram","geoms",FALSE,NA,"https://github.com/jespermaag/gganatogram/","2026-03-19",""
"gganimate","animation",FALSE,"https://gganimate.com/","https://github.com/thomasp85/gganimate/","2026-03-19",""
"ggannotate","interactive_tools",FALSE,NA,"https://github.com/MattCowgill/ggannotate/","2026-03-19",""
"ggarchery","geoms",FALSE,NA,"https://github.com/mdhall272/ggarchery/","2026-03-19",""
"ggarrow","geoms",FALSE,"https://teunbrand.github.io/ggarrow/","https://github.com/teunbrand/ggarrow/","2026-03-19",""
"ggasym","geoms",FALSE,"https://jhrcook.github.io/ggasym/","https://github.com/jhrcook/ggasym/","2026-03-19",""
"ggautomap","maps",FALSE,"https://cidm-ph.github.io/ggautomap/","https://github.com/cidm-ph/ggautomap/","2026-03-19",""
"ggbeeswarm","geoms",FALSE,NA,"https://github.com/eclarke/ggbeeswarm/","2026-03-19",""
"ggbernie","geoms",FALSE,"https://r-charts.com/miscellaneous/ggbernie/","https://github.com/R-CoderDotCom/ggbernie/","2026-03-19",""
"ggbio","geoms",FALSE,"https://lawremi.github.io/ggbio/","https://github.com/lawremi/ggbio/","2026-03-19",""
"ggblanket","helpers",FALSE,"https://davidhodge931.github.io/ggblanket/","https://github.com/davidhodge931/ggblanket/","2026-03-19",""
"ggblend","finishing_touches",FALSE,"https://mjskay.github.io/ggblend/","https://github.com/mjskay/ggblend/","2026-03-19",""
"ggblur","geoms",FALSE,NA,"https://github.com/coolbutuseless/ggblur/","2026-03-19",""
"ggborderline","geoms",FALSE,"https://wurli.github.io/ggborderline/","https://github.com/wurli/ggborderline/","2026-03-19",""
"ggbraid","geoms",FALSE,"https://nsgrantham.github.io/ggbraid/","https://github.com/nsgrantham/ggbraid/","2026-03-19",""
"ggbrain","geoms",FALSE,"https://michaelhallquist.github.io/ggbrain/","https://github.com/michaelhallquist/ggbrain/","2026-03-19",""
"ggbranding","finishing_touches",FALSE,"https://gnoblet.github.io/ggbranding/","https://github.com/gnoblet/ggbranding/","2026-03-19",""
"ggbreak","scales_and_guides",FALSE,"https://www.frontiersin.org/articles/10.3389/fgene.2021.774846/full/","https://github.com/YuLab-SMU/ggbreak/","2026-03-19",""
"ggbrick","geoms",FALSE,NA,"https://github.com/abikoushi/ggbrick/","2026-03-19",""
"ggbuildr","finishing_touches",FALSE,NA,"https://github.com/cran/ggbuildr/","2026-03-19",""
"ggbump","geoms",FALSE,NA,"https://github.com/davidsjoberg/ggbump/","2026-03-19",""
"ggcall","helpers",FALSE,"https://polkas.github.io/posts/ggcall/","https://github.com/Polkas/ggcall/","2026-03-19",""
"ggcats","geoms",FALSE,"https://r-charts.com/miscellaneous/ggcats/","https://github.com/R-CoderDotCom/ggcats/","2026-03-19",""
"ggcharts","themes",FALSE,"https://thomas-neitmann.github.io/ggcharts/","https://github.com/thomas-neitmann/ggcharts/","2026-03-19",""
"ggchicklet","geoms",FALSE,"https://cinc.rud.is/web/packages/ggchicklet/","https://gitlab.com/hrbrmstr/ggchicklet/","2026-03-19",""
"ggchromatic","scales_and_guides",FALSE,"https://teunbrand.github.io/ggchromatic/","https://github.com/teunbrand/ggchromatic/","2026-03-19",""
"ggcirclepack","geoms",FALSE,NA,"https://github.com/EvaMaeRey/ggcirclepack/","2026-03-19",""
"ggcolormeter","scales_and_guides",FALSE,"https://yjunechoe.github.io/ggcolormeter/","https://github.com/yjunechoe/ggcolormeter/","2026-03-19",""
"ggconsort","geoms",FALSE,"https://tgerke.github.io/ggconsort/","https://github.com/tgerke/ggconsort/","2026-03-19",""
"ggcorrplot","data",FALSE,"https://rpkgs.datanovia.com/ggcorrplot/","https://github.com/kassambara/ggcorrplot/","2026-03-19",""
"ggcorrplot2","data",FALSE,NA,"https://github.com/caijun/ggcorrplot2/","2026-03-19",""
"ggcorset","stats",FALSE,NA,"https://github.com/kbelisar/ggcorset/","2026-03-19",""
"ggcounty","maps",FALSE,NA,"https://github.com/hrbrmstr/ggcounty/","2026-03-19",""
"ggcoverage","geoms",FALSE,"https://showteeth.github.io/ggcoverage/","https://github.com/showteeth/ggcoverage/","2026-03-19",""
"ggcute","themes",FALSE,NA,"https://github.com/sharlagelfand/ggcute/","2026-03-19",""
"ggcyto","geoms",FALSE,NA,"https://github.com/RGLab/ggcyto/","2026-03-19",""
"ggdag","geoms",FALSE,"https://r-causal.github.io/ggdag/","https://github.com/r-causal/ggdag/","2026-03-19",""
"ggdark","themes",FALSE,NA,"https://github.com/nsgrantham/ggdark/","2026-03-19",""
"ggdc","themes",FALSE,NA,"https://github.com/datacamp/ggdc/","2026-03-19",""
"ggdemetra","geoms",FALSE,"https://aqlt.github.io/ggdemetra/","https://github.com/AQLT/ggdemetra/","2026-03-19",""
"ggdendro","geoms",FALSE,"http://andrie.github.io/ggdendro/","https://github.com/andrie/ggdendro/","2026-03-19",""
"ggdensity","geoms",FALSE,"https://jamesotto852.github.io/ggdensity/","https://github.com/jamesotto852/ggdensity/","2026-03-19",""
"ggdist","stats",FALSE,"https://mjskay.github.io/ggdist/","https://github.com/mjskay/ggdist/","2026-03-19",""
"ggdogs","geoms",FALSE,"https://r-charts.com/miscellaneous/ggdogs/","https://github.com/R-CoderDotCom/ggdogs/","2026-03-19",""
"ggeasy","helpers",FALSE,"https://jonocarroll.github.io/ggeasy/","https://github.com/jonocarroll/ggeasy/","2026-03-19",""
"ggeconodist","geoms|themes",FALSE,NA,"https://github.com/hrbrmstr/ggeconodist/","2026-03-19",""
"ggedit","interactive_tools",FALSE,"https://yonicd.github.io/ggedit/","https://github.com/yonicd/ggedit/","2026-03-19",""
"ggeffects","stats",FALSE,"https://strengejacke.github.io/ggeffects/","https://github.com/strengejacke/ggeffects/","2026-03-19",""
"ggetho","geoms",FALSE,"https://rethomics.github.io/","https://github.com/rethomics/ggetho/","2026-03-19",""
"ggfittext","annotations",FALSE,"https://wilkox.org/ggfittext/","https://github.com/wilkox/ggfittext/","2026-03-19",""
"ggflags","geoms",FALSE,NA,"https://github.com/ellisp/ggflags/","2026-03-19",""
"ggflowchart","networks",FALSE,"https://nrennie.github.io/ggflowchart/","https://github.com/nrennie/ggflowchart/","2026-03-19",""
"ggfocus","scales_and_guides",FALSE,NA,"https://github.com/Freguglia/ggfocus/","2026-03-19",""
"ggforce","annotations|facets|geoms",FALSE,"https://ggforce.data-imaginist.com/","https://github.com/thomasp85/ggforce/","2026-03-19",""
"ggformula","helpers",FALSE,"https://www.mosaic-web.org/ggformula/","https://github.com/ProjectMOSAIC/ggformula/","2026-03-19",""
"ggfortify","helpers",FALSE,"https://journal.r-project.org/archive/2016-2/tang-horikoshi-li.pdf","https://github.com/sinhrks/ggfortify/","2026-03-19",""
"ggfreehand","annotations|geoms",FALSE,NA,"https://github.com/dgrtwo/ggfreehand/","2026-03-19",""
"ggfun","geoms|stats",FALSE,"https://yulab-smu.r-universe.dev/ggfun/","https://github.com/YuLab-SMU/ggfun/","2026-03-19",""
"ggfx","finishing_touches",FALSE,"https://ggfx.data-imaginist.com/","https://github.com/thomasp85/ggfx/","2026-03-19",""
"gggenes","geoms",FALSE,"https://wilkox.org/gggenes/","https://github.com/wilkox/gggenes/","2026-03-19",""
"gggenomes","geoms",FALSE,"https://thackl.github.io/gggenomes/","https://github.com/thackl/gggenomes/","2026-03-19",""
"ggghost","helpers",FALSE,NA,"https://github.com/jonocarroll/ggghost/","2026-03-19",""
"gggibbous","geoms",FALSE,NA,"https://github.com/mnbram/gggibbous/","2026-03-19",""
"gggrid","annotations",FALSE,"https://stattech.wordpress.fos.auckland.ac.nz/2021/05/31/2021-01-accessing-grid-from-ggplot2/","https://github.com/pmur002/gggrid/","2026-03-19",""
"ggh4x","facets",FALSE,"https://teunbrand.github.io/ggh4x/","https://github.com/teunbrand/ggh4x/","2026-03-19",""
"gghalfnorm","geoms",FALSE,NA,"https://github.com/nathaneastwood/gghalfnorm/","2026-03-19",""
"gghalves","geoms",FALSE,"https://erocoar.github.io/gghalves/","https://github.com/erocoar/gghalves/","2026-03-19",""
"gghdr","geoms",FALSE,"https://sayani07.github.io/gghdr/","https://github.com/Sayani07/gghdr/","2026-03-19",""
"gghdx","scales_and_guides|themes",FALSE,NA,"https://github.com/OCHA-DAP/gghdx/","2026-03-19",""
"ggheatmap","geoms|themes",FALSE,NA,"https://github.com/XiaoLuo-boy/ggheatmap/","2026-03-19",""
"gghighlight","annotations",FALSE,"https://yutannihilation.github.io/gghighlight/","https://github.com/yutannihilation/gghighlight/","2026-03-19",""
"gghilbertstrings","stats",FALSE,"https://sumidu.github.io/gghilbertstrings/","https://github.com/Sumidu/gghilbertstrings/","2026-03-19",""
"ggimage","finishing_touches",FALSE,"https://yulab-smu.top/pkgdocs/ggimage.html","https://github.com/GuangchuangYu/ggimage/","2026-03-19",""
"ggimg","geoms",FALSE,NA,"https://github.com/statsmaths/ggimg/","2026-03-19",""
"gginference","stats",FALSE,"https://okgreece.github.io/gginference/","https://github.com/okgreece/gginference/","2026-03-19",""
"gginnards","geoms|stats",FALSE,"https://docs.r4photobiology.info/gginnards/","https://github.com/aphalo/gginnards/","2026-03-19",""
"ggip","maps",FALSE,"https://davidchall.github.io/ggip/","https://github.com/davidchall/ggip/","2026-03-19",""
"ggiraph","interactive_tools",FALSE,"https://davidgohel.github.io/ggiraph/","https://github.com/davidgohel/ggiraph/","2026-03-19",""
"ggiraphExtra","interactive_tools",FALSE,NA,"https://github.com/cardiomoon/ggiraphExtra/","2026-03-19",""
"ggjoy","na",FALSE,NA,NA,"2026-03-19","No category in Notion export; Package appears unmaintained"
"ggkeyboard","geoms",FALSE,NA,"https://github.com/sharlagelfand/ggkeyboard/","2026-03-19",""
"ggkm","geoms|stats",FALSE,"https://statbandit.wordpress.com/2011/03/08/an-enhanced-kaplan-meier-plot/","https://github.com/michaelway/ggkm/","2026-03-19",""
"gglabeller","annotations|interactive_tools",FALSE,NA,"https://github.com/AliciaSchep/gglabeller/","2026-03-19",""
"gglaplot","themes",FALSE,"https://greater-london-authority.github.io/gglaplot/","https://github.com/Greater-London-Authority/gglaplot/","2026-03-19",""
"gglm","stats",FALSE,"https://graysonwhite.com/gglm/","https://github.com/graysonwhite/gglm/","2026-03-19",""
"gglogo","geoms",FALSE,"http://heike.github.io/gglogo/","https://github.com/heike/gglogo/","2026-03-19",""
"gglorenz","stats",FALSE,"https://jjchern.github.io/gglorenz/","https://github.com/jjchern/gglorenz/","2026-03-19",""
"ggmacc","geoms",FALSE,NA,"https://github.com/aj-sykes92/ggmacc/","2026-03-19",""
"ggmagnify","finishing_touches",FALSE,"https://hughjonesd.github.io/ggmagnify/","https://github.com/hughjonesd/ggmagnify/","2026-03-19",""
"ggmanh","geoms",FALSE,"http://www.bioconductor.org/packages/release/bioc/html/ggmanh.html",NA,"2026-03-19",""
"ggmap","maps",FALSE,NA,"https://github.com/dkahle/ggmap/","2026-03-19",""
"ggmapinset","maps",FALSE,"https://cidm-ph.github.io/ggmapinset/","https://github.com/cidm-ph/ggmapinset/","2026-03-19",""
"ggmatplot","geoms",FALSE,"https://xuan-liang.github.io/ggmatplot/","https://github.com/xuan-liang/ggmatplot/","2026-03-19",""
"ggmcmc","stats",FALSE,"http://xavier-fim.net/post/resources-for-ggmcmc/","https://github.com/xfim/ggmcmc/","2026-03-19",""
"ggmice","data",FALSE,"https://amices.org/ggmice/","https://github.com/amices/ggmice/","2026-03-19",""
"ggmosaic","geoms",FALSE,"https://haleyjeppson.github.io/ggmosaic/","https://github.com/haleyjeppson/ggmosaic/","2026-03-19",""
"ggmsa","geoms",FALSE,"https://yulab-smu.top/ggmsa/","https://github.com/yulab-smu/ggmsa/","2026-03-19",""
"ggmuller","geoms",FALSE,NA,"https://github.com/robjohnnoble/ggmuller/","2026-03-19",""
"ggmulti","coords|stats",FALSE,"https://great-northern-diver.github.io/ggmulti/","https://github.com/great-northern-diver/ggmulti/","2026-03-19",""
"ggnet","networks",FALSE,NA,"https://github.com/mhoover/ggnet/","2026-03-19",""
"ggnetwork","networks|themes",FALSE,"https://briatte.github.io/ggnetwork/","https://github.com/briatte/ggnetwork/","2026-03-19",""
"ggnewscale","scales_and_guides",FALSE,"https://eliocamp.github.io/ggnewscale/","https://github.com/eliocamp/ggnewscale/","2026-03-19",""
"ggnormalviolin","geoms",FALSE,"https://wjschne.github.io/ggnormalviolin/","https://github.com/wjschne/ggnormalviolin/","2026-03-19",""
"ggokabeito","scales_and_guides",FALSE,"https://malcolmbarrett.github.io/ggokabeito/","https://github.com/malcolmbarrett/ggokabeito/","2026-03-19",""
"ggols","stats",FALSE,NA,"https://github.com/EvaMaeRey/ggols/","2026-03-19",""
"ggonion","geoms",FALSE,"https://i2z1.github.io/ggonion/","https://github.com/i2z1/ggonion/","2026-03-19",""
"ggord","stats",FALSE,"https://fawda123.github.io/ggord/","https://github.com/fawda123/ggord/","2026-03-19",""
"ggordiplots","stats",FALSE,NA,"https://github.com/jfq3/ggordiplots/","2026-03-19",""
"ggoutlierscatterplot","geoms",FALSE,NA,"https://github.com/lukastay/ggoutlierscatterplot/","2026-03-19",""
"ggpackets","helpers",FALSE,"https://dgkf.github.io/ggpackets/","https://github.com/dgkf/ggpackets/","2026-03-19",""
"ggpage","geoms",FALSE,"https://emilhvitfeldt.github.io/ggpage/","https://github.com/EmilHvitfeldt/ggpage/","2026-03-19",""
"ggparallel","geoms",FALSE,NA,"https://github.com/heike/ggparallel/","2026-03-19",""
"ggparliament","geoms",FALSE,NA,"https://github.com/zmeers/ggparliament/","2026-03-19",""
"ggparty","geoms",FALSE,NA,"https://github.com/martin-borkovec/ggparty/","2026-03-19",""
"ggpath","finishing_touches",FALSE,"https://mrcaseb.github.io/ggpath/","https://github.com/mrcaseb/ggpath/","2026-03-19",""
"ggpattern","geoms|scales_and_guides",FALSE,"https://coolbutuseless.github.io/package/ggpattern/","https://github.com/coolbutuseless/ggpattern/","2026-03-19",""
"ggpcp","geoms",FALSE,"https://yaweige.github.io/ggpcp/","https://github.com/yaweige/ggpcp/","2026-03-19",""
"ggpercentogram","geoms",FALSE,NA,"https://github.com/eliocamp/ggpercentogram/","2026-03-19",""
"ggperiodic","scales_and_guides",FALSE,NA,"https://github.com/eliocamp/ggperiodic/","2026-03-19",""
"ggphylo","na",FALSE,NA,NA,"2026-03-19","No category in Notion export; Package appears unmaintained"
"ggpicrust2","stats",FALSE,"https://cafferychen777.github.io/ggpicrust2/","https://github.com/cafferychen777/ggpicrust2/","2026-03-19",""
"ggpie","geoms",FALSE,"https://showteeth.github.io/ggpie/","https://github.com/showteeth/ggpie/","2026-03-19",""
"ggpirate","geoms",FALSE,NA,"https://github.com/mikabr/ggpirate/","2026-03-19",""
"ggplate","geoms",FALSE,"https://jpquast.github.io/ggplate/","https://github.com/jpquast/ggplate/","2026-03-19",""
"ggplateplot","geoms",FALSE,NA,"https://github.com/teunbrand/ggplateplot/","2026-03-19",""
"ggplot.multistats","stats",FALSE,NA,"https://github.com/flying-sheep/ggplot.multistats/","2026-03-19",""
"ggplot2","na",FALSE,"https://ggplot2.tidyverse.org/","https://github.com/tidyverse/ggplot2/","2026-03-19","No category in Notion export"
"ggplot2.utils","geoms|stats",FALSE,"https://insightsengineering.github.io/ggplot2.utils/","https://github.com/insightsengineering/ggplot2.utils/","2026-03-19",""
"ggplot2movies","data",FALSE,NA,NA,"2026-03-19",""
"ggplotify","arranging_plots",FALSE,NA,"https://github.com/GuangchuangYu/ggplotify/","2026-03-19",""
"ggpmisc","annotations|stats",FALSE,"https://docs.r4photobiology.info/ggpmisc/","https://github.com/aphalo/ggpmisc/","2026-03-19",""
"ggpointdensity","geoms",FALSE,NA,"https://github.com/LKremer/ggpointdensity/","2026-03-19",""
"ggpointgrid","geoms",FALSE,NA,"https://github.com/nevrome/ggpointgrid/","2026-03-19",""
"ggpointless","annotations",FALSE,"https://flrd.github.io/ggpointless/","https://github.com/flrd/ggpointless/","2026-03-19",""
"ggpol","geoms",FALSE,"https://erocoar.github.io/ggpol/","https://github.com/erocoar/ggpol/","2026-03-19",""
"ggpolar","coords",FALSE,"https://shixiangwang.github.io/polar/","https://github.com/ShixiangWang/polar/","2026-03-19",""
"ggpolypath","geoms",FALSE,"https://mdsumner.github.io/ggpolypath/","https://github.com/mdsumner/ggpolypath/","2026-03-19",""
"ggpomological","themes",FALSE,"https://www.garrickadenbuie.com/project/ggpomological/","https://github.com/gadenbuie/ggpomological/","2026-03-19",""
"ggpp","annotations|stats",FALSE,"https://docs.r4photobiology.info/ggpp/","https://github.com/aphalo/ggpp/","2026-03-19",""
"ggprism","themes",FALSE,"https://csdaw.github.io/ggprism/","https://github.com/csdaw/ggprism/","2026-03-19",""
"ggpubfigs","na",FALSE,NA,"https://github.com/JLSteenwyk/ggpubfigs/","2026-03-19","No category in Notion export"
"ggpubr","arranging_plots|geoms|stats|themes",FALSE,"https://rpkgs.datanovia.com/ggpubr/","https://github.com/kassambara/ggpubr/","2026-03-19",""
"ggpval","annotations",FALSE,"https://s6juncheng.github.io/ggpval/","https://github.com/s6juncheng/ggpval/","2026-03-19",""
"ggqr","geoms",FALSE,NA,"https://github.com/coolbutuseless/ggqr/","2026-03-19",""
"ggquickeda","data|interactive_tools",FALSE,NA,"https://github.com/smouksassi/ggquickeda/","2026-03-19",""
"ggquiver","geoms",FALSE,"http://pkg.mitchelloharawild.com/ggquiver/","https://github.com/mitchelloharawild/ggquiver/","2026-03-19",""
"ggradar","geoms",FALSE,NA,"https://github.com/ricardo-bion/ggradar/","2026-03-19",""
"ggradar2","geoms",FALSE,NA,"https://github.com/xl0418/ggradar2/","2026-03-19",""
"ggragged","facets",FALSE,"https://mikmart.github.io/ggragged/","https://github.com/mikmart/ggragged/","2026-03-19",""
"ggrain","geoms",FALSE,"https://lcdlab.shinyapps.io/raincloudplots-shiny/","https://github.com/njudd/ggrain/","2026-03-19",""
"ggram","arranging_plots|finishing_touches",FALSE,NA,"https://github.com/EvaMaeRey/ggram/","2026-03-19",""
"ggraph","networks",FALSE,"https://ggraph.data-imaginist.com/","https://github.com/thomasp85/ggraph/","2026-03-19",""
"ggraptR","interactive_tools",FALSE,NA,"https://github.com/cargomoose/ggraptR/","2026-03-19",""
"ggrastr","geoms",FALSE,NA,"https://github.com/VPetukhov/ggrastr/","2026-03-19",""
"ggrepel","annotations",FALSE,"https://ggrepel.slowkow.com/","https://github.com/slowkow/ggrepel/","2026-03-19",""
"ggreverse","na",FALSE,NA,"https://github.com/coolbutuseless/ggreverse/","2026-03-19","No category in Notion export"
"ggrgl","interactive_tools",FALSE,"https://coolbutuseless.github.io/package/ggrgl/","https://github.com/coolbutuseless/ggrgl/","2026-03-19",""
"ggridges","geoms|scales_and_guides|themes",FALSE,"https://wilkelab.org/ggridges/","https://github.com/wilkelab/ggridges/","2026-03-19",""
"ggrisk","stats",FALSE,NA,"https://github.com/yikeshu0611/ggrisk/","2026-03-19",""
"ggrough","na",FALSE,NA,NA,"2026-03-19","No category in Notion export; Package appears unmaintained"
"ggrounded","geoms",FALSE,"https://botan.github.io/ggrounded/","https://github.com/botan/ggrounded/","2026-03-19",""
"ggsankey","networks",FALSE,NA,"https://github.com/davidsjoberg/ggsankey/","2026-03-19",""
"ggsci","scales_and_guides",FALSE,"https://nanx.me/ggsci/","https://github.com/nanxstats/ggsci/","2026-03-19",""
"ggseas","stats",FALSE,NA,"https://github.com/ellisp/ggseas/","2026-03-19",""
"ggsector","geoms",FALSE,NA,"https://github.com/yanpd01/ggsector/","2026-03-19",""
"ggseg","geoms",FALSE,"https://ggseg.github.io/ggseg/","https://github.com/ggseg/ggseg/","2026-03-19",""
"ggseqlogo","geoms",FALSE,"https://omarwagih.github.io/ggseqlogo/","https://github.com/omarwagih/ggseqlogo/","2026-03-19",""
"ggseqplot","geoms",FALSE,"https://maraab23.github.io/ggseqplot/","https://github.com/maraab23/ggseqplot/","2026-03-19",""
"ggsflabel","na",FALSE,NA,NA,"2026-03-19","No category in Notion export; Package appears unmaintained"
"ggshadow","geoms",FALSE,NA,"https://github.com/marcmenem/ggshadow/","2026-03-19",""
"ggshakeR","sports",FALSE,"https://abhiamishra.github.io/ggshakeR/","https://github.com/abhiamishra/ggshakeR/","2026-03-19",""
"ggside","arranging_plots",FALSE,NA,"https://github.com/jtlandis/ggside/","2026-03-19",""
"ggsignif","annotations",FALSE,"https://const-ae.github.io/ggsignif/","https://github.com/const-ae/ggsignif/","2026-03-19",""
"ggsn","maps",FALSE,"http://oswaldosantos.github.io/ggsn/","https://github.com/oswaldosantos/ggsn/","2026-03-19",""
"ggsoccer","sports",FALSE,"https://torvaney.github.io/ggsoccer/","https://github.com/Torvaney/ggsoccer/","2026-03-19",""
"ggsolar","maps",FALSE,"https://rud.is/b/2023/04/12/make-solar-system-plots-with-ggsolar/","https://github.com/hrbrmstr/ggsolar/","2026-03-19",""
"ggsolvencyii","annotations",FALSE,NA,"https://github.com/vanzanden/ggsolvencyii/","2026-03-19",""
"ggsom","geoms",FALSE,NA,"https://github.com/oldlipe/ggsom/","2026-03-19",""
"ggspatial","maps",FALSE,"https://paleolimbot.github.io/ggspatial/","https://github.com/paleolimbot/ggspatial/","2026-03-19",""
"ggspavis","geoms",FALSE,NA,"https://github.com/lmweber/ggspavis/","2026-03-19",""
"ggspectra","scales_and_guides",FALSE,"https://docs.r4photobiology.info/ggspectra/","https://github.com/aphalo/ggspectra/","2026-03-19",""
"ggstamp","annotations",FALSE,"https://evamaerey.github.io/ggstamp/","https://github.com/evamaerey/ggstamp/","2026-03-19",""
"ggstance","na",FALSE,NA,NA,"2026-03-19","No category in Notion export; Package appears unmaintained"
"ggstar","finishing_touches",FALSE,NA,"https://github.com/xiangpin/ggstar/","2026-03-19",""
"ggstats","geoms|stats",FALSE,"https://larmarange.github.io/ggstats/","https://github.com/larmarange/ggstats/","2026-03-19",""
"ggstatsplot","stats",FALSE,"https://indrajeetpatil.github.io/ggstatsplot/","https://github.com/IndrajeetPatil/ggstatsplot/","2026-03-19",""
"ggstraw","geoms",FALSE,NA,"https://github.com/nacnudus/ggstraw/","2026-03-19",""
"ggstream","geoms",FALSE,NA,"https://github.com/davidsjoberg/ggstream/","2026-03-19",""
"ggsubplot","na",FALSE,NA,NA,"2026-03-19","No category in Notion export; Package appears unmaintained"
"ggsunburst","python",FALSE,NA,"https://github.com/didacs/ggsunburst/","2026-03-19",""
"ggsurvey","stats",FALSE,NA,"https://github.com/5ayat/ggsurvey/","2026-03-19",""
"ggsurvfit","stats",FALSE,"https://www.danieldsjoberg.com/ggsurvfit/","https://github.com/pharmaverse/ggsurvfit/","2026-03-19",""
"ggsvg","geoms",FALSE,"https://coolbutuseless.github.io/package/ggsvg/","https://github.com/coolbutuseless/ggsvg/","2026-03-19",""
"ggswim","geoms",FALSE,"https://chop-cgtinformatics.github.io/ggswim/","https://github.com/CHOP-CGTInformatics/ggswim/","2026-03-19",""
"ggswissmaps","maps",FALSE,NA,"https://github.com/gibonet/ggswissmaps/","2026-03-19",""
"ggtda","stats",FALSE,"https://tdaverse.github.io/ggtda/","https://github.com/tdaverse/ggtda/","2026-03-19",""
"ggtech","themes",FALSE,NA,"https://github.com/ricardo-bion/ggtech/","2026-03-19",""
"ggtern","coords",FALSE,NA,"https://bitbucket.org/nicholasehamilton/ggtern/","2026-03-19",""
"ggterror","na",FALSE,NA,NA,"2026-03-19","No category in Notion export; Package appears unmaintained"
"ggtext","themes",FALSE,"https://wilkelab.org/ggtext/","https://github.com/wilkelab/ggtext/","2026-03-19",""
"ggtextures","geoms",FALSE,NA,"https://github.com/clauswilke/ggtextures/","2026-03-19",""
"ggthemes","themes",FALSE,"https://jrnold.github.io/ggthemes/","https://github.com/jrnold/ggthemes/","2026-03-19",""
"ggthemr","themes",FALSE,NA,"https://github.com/Mikata-Project/ggthemr/","2026-03-19",""
"ggthreed","geoms",FALSE,NA,"https://github.com/coolbutuseless/ggthreed/","2026-03-19",""
"ggtikz","annotations",FALSE,"https://github.com/osthomas/ggtikz/blob/devel/doc/examples.pdf","https://github.com/osthomas/ggtikz/","2026-03-19",""
"ggtime","helpers",FALSE,"https://pkg.mitchelloharawild.com/ggtime/","https://github.com/tidyverts/ggtime/","2026-03-19",""
"ggtips","interactive_tools",FALSE,"https://jcubic.shinyapps.io/ggtips/","https://github.com/marcin-kam/ggtips/","2026-03-19",""
"ggtrace","geoms|helpers",FALSE,"https://rnabioco.github.io/ggtrace/","https://github.com/rnabioco/ggtrace/","2026-03-19",""
"ggtrack","finishing_touches",FALSE,"https://restlessdata.au/ggtrack/","https://github.com/mrjoh3/ggtrack/","2026-03-19",""
"ggtranscript","geoms",FALSE,"https://dzhang32.github.io/ggtranscript/","https://github.com/dzhang32/ggtranscript/","2026-03-19",""
"ggtree","annotations|geoms",FALSE,"https://yulab-smu.top/treedata-book/","https://github.com/YuLab-SMU/ggtree/","2026-03-19",""
"ggtreeExtra","geoms",FALSE,"https://bioconductor.org/packages/devel/bioc/vignettes/ggtreeExtra/inst/doc/ggtreeExtra.html","https://github.com/YuLab-SMU/ggtreeExtra/","2026-03-19",""
"ggtrendline","stats",FALSE,NA,"https://github.com/PhDMeiwp/ggtrendline/","2026-03-19",""
"ggtricks","geoms",FALSE,"https://abdoulma.github.io/ggtricks/","https://github.com/AbdoulMa/ggtricks/","2026-03-19",""
"gguidance","scales_and_guides",FALSE,"https://teunbrand.github.io/gguidance/","https://github.com/teunbrand/gguidance/","2026-03-19",""
"ggupset","geoms",FALSE,NA,"https://github.com/const-ae/ggupset/","2026-03-19",""
"ggvanced","geoms",FALSE,"https://medium.com/towards-data-science/ggvanced-a-package-for-generating-advanced-data-visualizations-on-top-of-the-ggplot2-package-2a935763a4b/","https://github.com/Ringomed/ggvanced/","2026-03-19",""
"ggvenn","geoms",FALSE,NA,"https://github.com/yanlinlin82/ggvenn/","2026-03-19",""
"ggview","finishing_touches",FALSE,NA,"https://github.com/idmn/ggview/","2026-03-19",""
"ggvis","na",FALSE,NA,NA,"2026-03-19","No category in Notion export; Package appears unmaintained"
"ggvolc","stats",FALSE,NA,"https://github.com/loukesio/ggvolc/","2026-03-19",""
"ggvoronoi","maps",FALSE,NA,"https://github.com/garretrc/ggvoronoi/","2026-03-19",""
"ggvwline","geoms",FALSE,NA,"https://github.com/Hy4m/ggvwline/","2026-03-19",""
"ggwaffle","geoms|scales_and_guides",FALSE,"https://liamgilbey.github.io/ggwaffle/","https://github.com/liamgilbey/ggwaffle/","2026-03-19",""
"ggweekly","geoms",FALSE,NA,"https://github.com/gadenbuie/ggweekly/","2026-03-19",""
"ggwordcloud","geoms",FALSE,"https://lepennec.github.io/ggwordcloud/","https://github.com/lepennec/ggwordcloud/","2026-03-19",""
"ggx","helpers",FALSE,"https://brandmaier.github.io/ggx/","https://github.com/brandmaier/ggx/","2026-03-19",""
"ggxmean","stats",FALSE,"https://evamaerey.github.io/ggxmean/","https://github.com/evamaerey/ggxmean/","2026-03-19",""
"grafify","stats",FALSE,"https://grafify-vignettes.netlify.app/","https://github.com/ashenoy-cmbi/grafify/","2026-03-19",""
"granovaGG","stats",FALSE,NA,"https://github.com/briandk/granovaGG/","2026-03-19",""
"graphlayouts","networks",FALSE,"https://schochastics.github.io/graphlayouts/","https://github.com/schochastics/graphlayouts/","2026-03-19",""
"gratia","stats",FALSE,"https://gavinsimpson.github.io/gratia/","https://github.com/gavinsimpson/gratia/","2026-03-19",""
"gridExtra","arranging_plots",FALSE,NA,NA,"2026-03-19",""
"gtable","arranging_plots",FALSE,"https://gtable.r-lib.org/","https://github.com/r-lib/gtable/","2026-03-19",""
"halfmoon","stats",FALSE,"https://r-causal.github.io/halfmoon/","https://github.com/r-causal/halfmoon/","2026-03-19",""
"harrypotter","scales_and_guides",FALSE,NA,"https://github.com/aljrico/harrypotter/","2026-03-19",""
"hdrcde","stats",FALSE,"https://pkg.robjhyndman.com/hdrcde/","https://github.com/robjhyndman/hdrcde/","2026-03-19",""
"heatmaply","interactive_plots",FALSE,"https://talgalili.github.io/heatmaply/","https://github.com/talgalili/heatmaply/","2026-03-19",""
"hrbrthemes","themes",FALSE,"https://cinc.rud.is/web/packages/hrbrthemes/","https://github.com/hrbrmstr/hrbrthemes/","2026-03-19",""
"humapr","maps",FALSE,"https://epiben.github.io/humapr/","https://github.com/epiben/humapr/","2026-03-19",""
"hyperSpec","geoms|maps",FALSE,"https://r-hyperspec.github.io/hySpc.ggplot2/","https://github.com/r-hyperspec/hySpc.ggplot2/","2026-03-19",""
"interactions","stats",FALSE,"https://interactions.jacob-long.com/","https://github.com/jacob-long/interactions/","2026-03-19",""
"jcolors","scales_and_guides",FALSE,"https://jaredhuling.org/jcolors/","https://github.com/jaredhuling/jcolors/","2026-03-19",""
"jjAnno","annotations",FALSE,NA,"https://github.com/junjunlab/jjAnno/","2026-03-19",""
"jjPlot","geoms|stats",FALSE,NA,"https://github.com/junjunlab/jjPlot/","2026-03-19",""
"jtools","stats",FALSE,"https://jtools.jacob-long.com/","https://github.com/jacob-long/jtools/","2026-03-19",""
"lato","themes",FALSE,NA,"https://github.com/briandconnelly/lato/","2026-03-19",""
"layer","maps",FALSE,"https://marcosci.github.io/layer/","https://github.com/marcosci/layer/","2026-03-19",""
"legendry","scales_and_guides",FALSE,"https://teunbrand.github.io/legendry/","https://github.com/teunbrand/legendry/","2026-03-19",""
"lemon","coords",FALSE,NA,"https://github.com/stefanedwards/lemon/","2026-03-19",""
"likert","geoms",FALSE,"https://jbryer.github.io/likert/","https://github.com/jbryer/likert/","2026-03-19",""
"lindia","stats",FALSE,NA,"https://github.com/yeukyul/lindia/","2026-03-19",""
"linkET","data",FALSE,NA,"https://github.com/Hy4m/linkET/","2026-03-19",""
"ltc_palettes","scales_and_guides",FALSE,NA,"https://github.com/loukesio/ltc_palettes/","2026-03-19",""
"mapDK","maps",FALSE,NA,"https://github.com/sebastianbarfort/mapDK/","2026-03-19",""
"mapSpain","maps",FALSE,"https://ropenspain.github.io/mapSpain/","https://github.com/rOpenSpain/mapSpain/","2026-03-19",""
"mapdata","maps",FALSE,NA,NA,"2026-03-19",""
"mapproj","maps",FALSE,NA,NA,"2026-03-19",""
"maps","maps",FALSE,NA,"https://github.com/adeckmyn/maps/","2026-03-19",""
"marquee","annotations",FALSE,"https://marquee.r-lib.org/","https://github.com/r-lib/marquee/","2026-03-19",""
"mdthemes","themes",FALSE,NA,"https://github.com/thomas-neitmann/mdthemes/","2026-03-19",""
"metR","data|geoms|maps|scales_and_guides",FALSE,"https://eliocamp.github.io/metR/","https://github.com/eliocamp/metR/","2026-03-19",""
"metallicaRt","scales_and_guides",FALSE,NA,"https://github.com/johnmackintosh/metallicaRt/","2026-03-19",""
"metaplot","geoms",FALSE,NA,"https://github.com/markvanderloo/metaplot/","2026-03-19",""
"metrica","stats",FALSE,"https://adriancorrendo.github.io/metrica/","https://github.com/adriancorrendo/metrica/","2026-03-19",""
"mlr3viz","stats",FALSE,"https://mlr3viz.mlr-org.com/","https://github.com/mlr-org/mlr3viz/","2026-03-19",""
"monochromeR","scales_and_guides",FALSE,NA,"https://github.com/cararthompson/monochromeR/","2026-03-19",""
"multipanelfigure","arranging_plots",FALSE,NA,NA,"2026-03-19",""
"munsell","scales_and_guides",FALSE,NA,"https://github.com/cwickham/munsell/","2026-03-19",""
"mxmaps","maps",FALSE,"https://www.diegovalle.net/mxmaps/","https://github.com/diegovalle/mxmaps/","2026-03-19",""
"naniar","data",FALSE,"https://naniar.njtierney.com/","https://github.com/njtierney/naniar/","2026-03-19",""
"nflplotR","sports",FALSE,"https://nflplotr.nflverse.com/","https://github.com/nflverse/nflplotR/","2026-03-19",""
"nord","scales_and_guides",FALSE,NA,NA,"2026-03-19",""
"oblicubes","geoms",FALSE,"https://trevorldavis.com/R/oblicubes/","https://github.com/trevorld/oblicubes/","2026-03-19",""
"ordr","stats",FALSE,"https://corybrunson.github.io/ordr/","https://github.com/corybrunson/ordr/","2026-03-19",""
"oz","maps",FALSE,NA,NA,"2026-03-19",""
"ozmaps","maps",FALSE,"https://mdsumner.github.io/ozmaps/","https://github.com/mdsumner/ozmaps/","2026-03-19",""
"paletteer","scales_and_guides",FALSE,"https://emilhvitfeldt.github.io/paletteer/","https://github.com/EmilHvitfeldt/paletteer/","2026-03-19",""
"patchwork","arranging_plots",FALSE,"https://patchwork.data-imaginist.com/","https://github.com/thomasp85/patchwork/","2026-03-19",""
"patternplot","geoms",FALSE,NA,NA,"2026-03-19",""
"peRReo","scales_and_guides",FALSE,NA,"https://github.com/jbgb13/peRReo/","2026-03-19",""
"performance","stats",FALSE,"https://easystats.github.io/performance/","https://github.com/easystats/performance/","2026-03-19",""
"piecepackr","geoms",FALSE,"https://trevorldavis.com/piecepackr/","https://github.com/piecepackr/piecepackr/","2026-03-19",""
"pilot","themes",FALSE,NA,"https://github.com/olihawkins/pilot/","2026-03-19",""
"plotDK","maps",FALSE,NA,"https://github.com/kristianSN/plotDK/","2026-03-19",""
"plotGrouper","interactive_tools",FALSE,"https://jdgagnon.github.io/plotGrouper/","https://github.com/jdgagnon/plotGrouper/","2026-03-19",""
"plotROC","stats",FALSE,"http://sachsmc.github.io/plotROC/","https://github.com/sachsmc/plotROC/","2026-03-19",""
"plotluck","helpers",FALSE,"https://htmlpreview.github.io/?https://github.com/stefan-schroedl/plotluck/blob/master/inst/doc/plotluck.html","https://github.com/stefan-schroedl/plotluck/","2026-03-19",""
"plotly","animation|interactive_plots",FALSE,"https://plotly-r.com/","https://github.com/plotly/plotly.R/","2026-03-19",""
"ppsr","stats",FALSE,"https://towardsdatascience.com/rip-correlation-introducing-the-predictive-power-score-3d90808b9598","https://github.com/paulvanderlaken/ppsr/","2026-03-19",""
"prettyglm","stats",FALSE,"https://jared-fowler.github.io/prettyglm/","https://github.com/jared-fowler/prettyglm/","2026-03-19",""
"qgraph","stats",FALSE,"https://www.jstatsoft.org/article/view/v048i04","https://github.com/SachaEpskamp/qgraph/","2026-03-19",""
"qqplotr","stats",FALSE,"https://aloy.github.io/qqplotr/","https://github.com/aloy/qqplotr/","2026-03-19",""
"radiant","data|interactive_tools",FALSE,"https://radiant-rstats.github.io/docs/","https://github.com/radiant-rstats/radiant","2026-03-19",""
"rayshader","maps",FALSE,"https://www.rayshader.com/","https://github.com/tylermorganwall/rayshader/","2026-03-19",""
"rcartocolor","scales_and_guides",FALSE,"https://jakubnowosad.com/rcartocolor/","https://github.com/Nowosad/rcartocolor/","2026-03-19",""
"reconPlots","geoms",FALSE,NA,"https://github.com/andrewheiss/reconPlots/","2026-03-19",""
"relayer","scales_and_guides",FALSE,NA,"https://github.com/clauswilke/relayer/","2026-03-19",""
"rmapshaper","maps",FALSE,"https://andyteucher.ca/rmapshaper/","https://github.com/ateucher/rmapshaper/","2026-03-19",""
"rms","data",FALSE,"https://hbiostat.org/r/rms/","https://github.com/harrelfe/rms/","2026-03-19",""
"rockthemes","scales_and_guides",FALSE,"https://johnmackintosh.github.io/rockthemes/","https://github.com/johnmackintosh/rockthemes/","2026-03-19",""
"savonliquide","helpers",FALSE,NA,"https://github.com/feddelegrand7/savonliquide/","2026-03-19",""
"scales","scales_and_guides",FALSE,"https://scales.r-lib.org/","https://github.com/r-lib/scales/","2026-03-19",""
"scattermore","geoms",FALSE,"https://exaexa.github.io/scattermore/","https://github.com/exaexa/scattermore/","2026-03-19",""
"scico","scales_and_guides",FALSE,"https://www.fabiocrameri.ch/colourmaps/","https://github.com/thomasp85/scico/","2026-03-19",""
"see","geoms|scales_and_guides|themes",FALSE,"https://easystats.github.io/see/","https://github.com/easystats/see/","2026-03-19",""
"sf","maps",FALSE,"https://r-spatial.github.io/sf/","https://github.com/r-spatial/sf/","2026-03-19",""
"shades","scales_and_guides",FALSE,NA,"https://github.com/jonclayden/shades/","2026-03-19",""
"shadowtext","annotations",FALSE,NA,"https://github.com/GuangchuangYu/shadowtext/","2026-03-19",""
"showtext","themes",FALSE,NA,"https://github.com/yixuan/showtext/","2026-03-19",""
"sjPlot","stats",FALSE,"https://strengejacke.github.io/sjPlot/","https://github.com/strengejacke/sjPlot/","2026-03-19",""
"soilpalettes","scales_and_guides",FALSE,NA,"https://github.com/kaizadp/soilpalettes/","2026-03-19",""
"sportsdataverse","sports",FALSE,"https://r.sportsdataverse.org/","https://github.com/sportsdataverse/sportsdataverse-R/","2026-03-19",""
"sportyR","sports",FALSE,"https://sportyr.sportsdataverse.org/","https://github.com/sportsdataverse/sportyR/","2026-03-19",""
"starBliss","maps",FALSE,NA,"https://github.com/benyamindsmith/starBliss/","2026-03-19",""
"starry","interactive_tools",FALSE,"https://joe-chelladurai.github.io/starry/","https://github.com/joe-chelladurai/starry/","2026-03-19",""
"stars","maps",FALSE,"https://r-spatial.github.io/stars/","https://github.com/r-spatial/stars/","2026-03-19",""
"streamgraph","interactive_plots",FALSE,"http://hrbrmstr.github.io/streamgraph/","https://github.com/hrbrmstr/streamgraph/","2026-03-19",""
"sugarbag","maps",FALSE,"https://srkobakian.github.io/sugarbag/","https://github.com/srkobakian/sugarbag/","2026-03-19",""
"sugrrants","facets",FALSE,"https://pkg.earo.me/sugrrants/","https://github.com/earowang/sugrrants/","2026-03-19",""
"superb","interactive_tools|stats",FALSE,"https://dcousin3.github.io/superb/","https://github.com/dcousin3/superb/","2026-03-19",""
"survminer","annotations|stats",FALSE,"https://rpkgs.datanovia.com/survminer/","https://github.com/kassambara/survminer/","2026-03-19",""
"swimplot","geoms",FALSE,NA,NA,"2026-03-19",""
"tagger","facets",FALSE,NA,"https://github.com/eliocamp/tagger/","2026-03-19",""
"thematic","interactive_tools",FALSE,"https://rstudio.github.io/thematic/","https://github.com/rstudio/thematic/","2026-03-19",""
"tidybayes","stats",FALSE,"https://mjskay.github.io/tidybayes/","https://github.com/mjskay/tidybayes/","2026-03-19",""
"tidygeocoder","data|maps",FALSE,"https://jessecambon.github.io/tidygeocoder/","https://github.com/jessecambon/tidygeocoder/","2026-03-19",""
"tidygraph","networks",FALSE,"https://tidygraph.data-imaginist.com/","https://github.com/thomasp85/tidygraph/","2026-03-19",""
"tidyplots","helpers",FALSE,"https://jbengler.github.io/tidyplots/","https://github.com/jbengler/tidyplots/","2026-03-19",""
"tidyterra","maps",FALSE,"https://dieghernan.github.io/tidyterra/","https://github.com/dieghernan/tidyterra/","2026-03-19",""
"tigris","maps",FALSE,"https://walker-data.com/census-r/census-geographic-data-and-applications-in-r.html","https://github.com/walkerke/tigris/","2026-03-19",""
"tornado","stats",FALSE,"https://bertcarnell.github.io/tornado/","https://github.com/bertcarnell/tornado/","2026-03-19",""
"treeheatr","geoms",FALSE,"https://trangdata.github.io/treeheatr/","https://github.com/trangdata/treeheatr/","2026-03-19",""
"treemap","geoms",FALSE,NA,NA,"2026-03-19",""
"treemapify","geoms",FALSE,"https://wilkox.org/treemapify/","https://github.com/wilkox/treemapify/","2026-03-19",""
"trelliscope","na",FALSE,NA,NA,"2026-03-19","No category in Notion export; Package appears unmaintained"
"trelliscopejs","interactive_plots",FALSE,"https://hafen.github.io/trelliscopejs/","https://github.com/hafen/trelliscopejs/","2026-03-19",""
"tvthemes","themes",FALSE,"https://ryo-n7.github.io/tvthemes/","https://github.com/Ryo-N7/tvthemes/","2026-03-19",""
"unhcrthemes","themes",FALSE,"https://unhcr-dataviz.github.io/unhcrthemes/","https://github.com/unhcr-dataviz/unhcrthemes/","2026-03-19",""
"unicol","scales_and_guides",FALSE,"https://hneth.github.io/unicol/","https://github.com/hneth/unicol/","2026-03-19",""
"unikn","scales_and_guides",FALSE,NA,"https://github.com/hneth/unikn/","2026-03-19",""
"urbnmapr","maps",FALSE,"https://urbaninstitute.github.io/urbnmapr/","https://github.com/UrbanInstitute/urbnmapr/","2026-03-19",""
"urbnthemes","themes",FALSE,"https://urbaninstitute.github.io/urbnthemes/","https://github.com/UrbanInstitute/urbnthemes/","2026-03-19",""
"vapoRwave","themes",FALSE,NA,"https://github.com/moldach/vapoRwave/","2026-03-19",""
"vdmR","na",FALSE,NA,NA,"2026-03-19","No category in Notion export; Package appears unmaintained"
"viridis","scales_and_guides",FALSE,"https://sjmgarnier.github.io/viridis/","https://github.com/sjmgarnier/viridis/","2026-03-19",""
"viridisLite","scales_and_guides",FALSE,"https://sjmgarnier.github.io/viridisLite/","https://github.com/sjmgarnier/viridisLite/","2026-03-19",""
"visR","stats",FALSE,"https://openpharma.github.io/visR/","https://github.com/openpharma/visR/","2026-03-19",""
"visdat","data",FALSE,"https://docs.ropensci.org/visdat/","https://github.com/ropensci/visdat/","2026-03-19",""
"vistime","geoms",FALSE,"https://shosaco.github.io/vistime/","https://github.com/shosaco/vistime/","2026-03-19",""
"waffle","geoms",FALSE,NA,"https://github.com/hrbrmstr/waffle/","2026-03-19",""
"waterfalls","geoms",FALSE,NA,"github.com/hughparsonage/waterfalls/","2026-03-19",""
"wesanderson","scales_and_guides",FALSE,"https://wesandersonpalettes.tumblr.com/","https://github.com/karthik/wesanderson/","2026-03-19",""
"xkcd","themes",FALSE,"https://xkcd.r-forge.r-project.org/","https://github.com/ToledoEM/xkcd/","2026-03-19",""
"xmrr","stats",FALSE,NA,"https://github.com/Zanidean/xmrr/","2026-03-19",""
